post id,Readability
0,11.6
1,6.9
2,6.3
3,4.0
4,9.2
5,4.0
6,14.0
7,9.9
8,8.7
9,7.5
10,11.6
11,6.9
12,7.5
13,13.8
14,12.8
15,6.8
16,16.4
17,12.8
18,6.3
19,4.0
20,12.8
21,4.5
22,9.2
23,8.1
24,12.8
25,11.6
26,7.5
27,8.1
28,11.0
29,14.0
30,2.9
31,9.2
32,10.4
33,14.0
34,11.6
35,8.3
36,12.8
37,5.1
38,7.5
39,8.1
40,7.4
41,6.3
42,8.7
43,5.7
44,1.7
45,2.8
46,7.5
47,15.2
48,15.2
49,11.0
50,9.2
51,11.0
52,12.8
53,4.0
54,10.4
55,5.1
56,4.0
57,4.5
58,21.2
59,21.2
60,20.0
61,8.1
62,8.1
63,11.6
64,9.1
65,11.8
66,10.4
67,6.9
68,8.1
69,3.3
70,9.2
71,8.1
72,9.2
73,9.3
74,15.2
75,6.9
76,12.8
77,9.3
78,11.7
79,7.5
80,6.3
81,6.3
82,11.0
83,15.2
84,14.0
85,14.0
86,11.6
87,9.9
88,12.8
89,17.6
90,14.5
91,5.3
92,9.2
93,4.0
94,8.7
95,8.1
96,9.9
97,11.7
98,10.4
99,3.3
100,5.7
101,10.5
102,6.3
103,5.1
104,4.5
105,16.4
106,10.4
107,7.5
108,16.2
109,5.2
110,7.5
111,10.4
112,13.2
113,9.9
114,10.4
115,14.0
116,7.6
117,10.4
118,4.0
119,10.4
120,9.1
121,12.8
122,14.0
123,8.7
124,14.0
125,4.0
126,5.1
127,6.9
128,10.6
129,5.1
130,2.9
131,5.2
132,15.4
133,10.5
134,8.7
135,25.9
136,15.2
137,11.6
138,10.4
139,18.7
140,13.8
141,13.8
142,11.5
143,12.6
144,10.3
145,13.8
146,10.3
147,11.5
148,15.0
149,12.6
150,15.2
151,9.8
152,11.8
153,4.0
154,8.1
155,9.9
156,12.8
157,4.0
158,5.1
159,9.9
160,5.2
161,4.0
162,2.2
163,5.2
164,8.7
165,7.5
166,5.2
167,6.9
168,4.0
169,15.2
170,6.4
171,6.3
172,22.4
173,10.4
174,8.7
175,7.6
176,3.8
177,9.3
178,7.5
179,13.3
180,11.5
181,4.0
182,12.6
183,9.1
184,27.1
185,9.9
186,6.5
187,24.7
188,11.0
189,8.1
190,14.0
191,12.5
192,8.1
193,7.5
194,6.9
195,10.4
196,12.2
197,14.1
198,5.2
199,7.5
200,5.2
201,9.3
202,6.4
203,7.5
204,5.7
205,5.7
206,9.2
207,9.2
208,8.7
209,7.5
210,11.6
211,8.7
212,4.2
213,15.3
214,4.8
215,12.2
216,2.4
217,10.2
218,7.1
219,10.3
220,15.0
221,8.7
222,4.0
223,16.8
224,9.4
225,13.0
226,10.7
227,3.7
228,6.4
229,7.3
230,31.0
231,13.9
232,5.9
233,6.4
234,11.5
235,5.3
236,9.6
237,13.5
238,12.2
239,7.1
240,11.2
241,5.9
242,8.7
243,6.3
244,7.1
245,4.4
246,8.6
247,6.5
248,7.5
249,4.1
250,12.2
251,7.3
252,4.9
253,13.4
254,-4.2
255,6.4
256,-0.3
257,10.5
258,1.3
259,9.0
260,13.1
261,9.7
262,4.6
263,1.9
264,7.9
265,7.9
266,9.3
267,11.2
268,10.3
269,9.1
270,8.3
271,8.7
272,65.7
273,5.2
274,32.1
275,7.0
276,12.3
277,14.6
278,4.6
279,6.2
280,7.2
281,10.2
282,5.8
283,6.4
284,7.5
285,7.7
286,5.7
287,1.1
288,6.4
289,6.6
290,3.6
291,7.2
292,-2.2
293,-2.6
294,3.6
295,11.9
296,-3.8
297,6.2
298,-0.3
299,2.3
300,1.9
301,9.6
302,8.6
303,9.7
304,1.3
305,4.0
306,3.3
307,3.4
308,6.2
309,7.1
310,8.1
311,8.6
312,5.1
313,5.9
314,8.0
315,8.1
316,4.7
317,6.5
318,5.9
319,6.7
320,6.4
321,7.6
322,11.2
323,4.8
324,5.6
325,4.9
326,6.4
327,7.2
328,4.6
329,3.4
330,6.6
331,5.1
332,5.4
333,7.7
334,3.1
335,6.9
336,5.0
337,6.4
338,2.7
339,3.2
340,6.9
341,3.7
342,11.8
343,7.7
344,10.1
345,7.5
346,4.0
347,5.1
348,4.6
349,7.1
350,7.9
351,2.5
352,4.9
353,5.3
354,6.6
355,4.6
356,4.5
357,4.0
358,26.1
359,10.4
360,9.6
361,7.6
362,3.4
363,12.4
364,11.6
365,12.6
366,4.0
367,1.7
368,19.6
369,7.2
370,2.1
371,12.3
372,4.6
373,8.3
374,11.2
375,7.7
376,4.3
377,5.7
378,6.3
379,9.6
380,8.0
381,4.0
382,4.3
383,1.3
384,10.7
385,6.4
386,6.4
387,8.4
388,6.3
389,12.2
390,9.0
391,7.1
392,7.2
393,5.6
394,10.6
395,5.2
396,5.1
397,8.6
398,6.3
399,5.6
400,17.4
401,9.5
402,7.0
403,9.6
404,7.8
405,10.3
406,7.6
407,12.3
408,33.3
409,6.4
410,5.6
411,5.2
412,8.3
413,4.5
414,11.0
415,14.2
416,6.8
417,9.3
418,10.7
419,6.9
420,17.5
421,9.5
422,5.2
423,16.2
424,0.2
425,5.8
426,5.0
427,4.8
428,6.2
429,7.9
430,4.3
431,6.5
432,6.2
433,17.5
434,9.9
435,3.2
436,9.6
437,15.4
438,16.6
439,6.5
440,4.3
441,4.2
442,16.5
443,10.5
444,6.0
445,11.6
446,9.2
447,5.2
448,5.1
449,33.7
450,6.8
451,8.5
452,8.3
453,6.9
454,7.3
455,5.6
456,-4.2
457,0.5
458,10.4
459,2.8
460,4.8
461,7.5
462,13.2
463,5.5
464,7.9
465,5.3
466,11.3
467,1.1
468,4.2
469,9.5
470,9.5
471,4.8
472,7.9
473,4.6
474,7.4
475,4.4
476,5.6
477,5.6
478,12.0
479,4.3
480,6.3
481,5.6
482,13.6
483,6.9
484,9.8
485,6.9
486,6.8
487,5.5
488,16.6
489,6.0
490,6.9
491,11.0
492,5.7
493,3.6
494,-1.8
495,3.6
496,6.4
497,4.9
498,7.4
499,3.1
500,4.7
501,24.3
502,14.1
503,3.2
504,7.9
505,86.7
506,4.1
507,8.5
508,9.5
509,7.0
510,4.7
511,12.3
512,5.0
513,2.9
514,7.0
515,5.7
516,10.7
517,6.4
518,10.1
519,8.3
520,18.7
521,8.9
522,13.4
523,10.3
524,8.8
525,7.5
526,23.1
527,6.7
528,16.8
529,7.4
530,1.8
531,10.3
532,4.0
533,27.4
534,4.2
535,6.8
536,5.2
537,4.3
538,1.7
539,5.0
540,7.6
541,7.5
542,5.7
543,3.8
544,4.4
545,9.6
546,3.9
547,6.3
548,6.4
549,7.2
550,2.6
551,7.7
552,4.7
553,11.1
554,7.8
555,5.9
556,4.1
557,4.1
558,4.4
559,4.4
560,4.4
561,6.7
562,6.7
563,4.4
564,8.0
565,8.8
566,11.9
567,7.4
568,4.8
569,7.8
570,5.2
571,7.0
572,8.7
573,8.0
574,7.6
575,15.9
576,5.3
577,11.4
578,11.4
579,10.6
580,7.3
581,7.8
582,3.8
583,6.0
584,6.0
585,6.5
586,5.2
587,4.7
588,6.1
589,16.6
590,3.2
591,7.6
592,10.2
593,8.4
594,7.0
595,2.6
596,7.0
597,9.5
598,11.4
599,5.8
600,12.7
601,10.5
602,10.0
603,10.1
604,3.5
605,7.7
606,2.7
607,0.5
608,5.0
609,5.4
610,6.5
611,6.8
612,4.0
613,4.6
614,11.6
615,8.2
616,-2.6
617,7.7
618,3.3
619,3.0
620,2.5
621,6.5
622,3.7
623,6.5
624,7.7
625,8.4
626,10.0
627,6.9
628,7.6
629,7.7
630,7.5
631,5.2
632,3.3
633,6.3
634,5.0
635,10.3
636,6.3
637,10.4
638,4.0
639,3.0
640,10.6
641,7.6
642,11.2
643,8.1
644,10.9
645,4.5
646,4.6
647,10.6
648,14.6
649,8.4
650,12.0
651,6.0
652,13.0
653,12.3
654,17.3
655,10.7
656,6.6
657,3.4
658,6.9
659,6.8
660,7.2
661,5.9
662,-3.4
663,3.0
664,7.8
665,7.2
666,1.3
667,5.1
668,7.5
669,9.1
670,5.8
671,6.6
672,9.1
673,5.3
674,6.2
675,1.9
676,4.4
677,2.9
678,7.1
679,4.1
680,3.6
681,10.7
682,7.4
683,10.0
684,6.5
685,6.8
686,10.7
687,5.7
688,20.5
689,2.1
690,1.7
691,6.8
692,8.5
693,2.9
694,6.0
695,17.9
696,4.2
697,6.1
698,3.6
699,0.5
700,10.7
701,2.5
702,6.1
703,4.4
704,0.9
705,8.7
706,5.0
707,6.4
708,7.9
709,7.6
710,5.1
711,1.5
712,3.4
713,3.6
714,2.8
715,0.6
716,9.9
717,6.0
718,0.3
719,6.8
720,8.3
721,7.6
722,7.9
723,8.7
724,4.3
725,8.8
726,4.3
727,8.1
728,2.4
729,13.6
730,4.8
731,11.1
732,11.7
733,6.2
734,8.9
735,18.1
736,7.8
737,9.4
738,2.0
739,13.4
740,10.3
741,6.0
742,7.4
743,4.0
744,9.0
745,6.7
746,7.6
747,7.7
748,4.4
749,11.7
750,-1.1
751,9.3
752,10.1
753,20.1
754,4.2
755,12.9
756,8.0
757,19.3
758,8.1
759,11.1
760,8.6
761,10.0
762,8.6
763,5.6
764,14.8
765,4.8
766,8.3
767,5.2
768,2.8
769,4.7
770,6.4
771,7.9
772,6.1
773,8.6
774,25.5
775,3.9
776,96.9
777,6.0
778,9.1
779,4.4
780,10.4
781,7.1
782,10.8
783,2.6
784,12.3
785,2.4
786,5.2
787,9.1
788,2.5
789,8.9
790,4.2
791,106.2
792,5.3
793,6.9
794,0.6
795,7.2
796,3.6
797,6.7
798,5.2
799,0.0
800,9.3
801,21.3
802,4.9
803,1.7
804,9.4
805,7.6
806,8.7
807,8.1
808,8.5
809,8.2
810,7.4
811,12.4
812,9.0
813,7.5
814,9.7
815,8.9
816,6.7
817,12.0
818,4.3
819,9.4
820,10.1
821,4.3
822,7.6
823,9.8
824,2.1
825,6.0
826,6.7
827,13.2
828,12.1
829,10.3
830,6.4
831,15.7
832,5.8
833,4.7
834,5.9
835,9.1
836,3.4
837,8.3
838,3.2
839,0.7
840,11.3
841,8.6
842,6.1
843,6.5
844,6.5
845,6.1
846,7.2
847,4.4
848,7.8
849,4.3
850,3.2
851,7.2
852,5.7
853,5.7
854,10.6
855,7.2
856,7.0
857,5.3
858,9.6
859,5.2
860,5.7
861,8.9
862,8.9
863,9.2
864,6.5
865,3.3
866,7.7
867,12.3
868,7.1
869,4.2
870,7.9
871,5.6
872,2.1
873,7.2
874,8.2
875,12.3
876,5.5
877,5.5
878,2.5
879,8.2
880,3.0
881,17.0
882,4.9
883,5.3
884,7.4
885,2.7
886,3.4
887,4.8
888,2.9
889,4.4
890,10.0
891,2.3
892,6.2
893,2.1
894,7.8
895,8.7
896,2.1
897,9.7
898,8.4
899,5.1
900,7.2
901,5.5
902,14.2
903,7.7
904,5.1
905,5.9
906,8.7
907,6.4
908,5.2
909,10.0
910,7.6
911,5.0
912,4.3
913,5.7
914,8.6
915,5.7
916,5.9
917,4.7
918,6.0
919,10.6
920,9.9
921,2.7
922,7.5
923,4.8
924,7.4
925,7.5
926,3.2
927,7.4
928,8.5
929,9.1
930,7.9
931,6.8
932,6.4
933,13.4
934,4.1
935,16.1
936,14.8
937,7.6
938,-1.0
939,2.5
940,5.6
941,9.3
942,4.3
943,2.1
944,13.5
945,7.3
946,8.9
947,10.1
948,11.5
949,10.3
950,16.7
951,20.8
952,6.0
953,5.0
954,3.1
955,6.0
956,9.4
957,8.3
958,9.9
959,8.5
960,7.5
961,8.4
962,4.9
963,13.2
964,3.4
965,7.9
966,6.9
967,8.3
968,5.1
969,16.7
970,4.1
971,6.7
972,7.2
973,4.8
974,1.3
975,-0.3
976,6.8
977,0.7
978,5.6
979,28.2
980,2.0
981,11.1
982,30.2
983,4.8
984,1.7
985,7.3
986,5.0
987,8.6
988,13.4
989,5.9
990,2.5
991,1.8
992,2.9
993,69.8
994,6.4
995,7.9
996,4.8
997,4.1
998,5.1
999,3.8
1000,5.9
1001,6.1
1002,6.3
1003,9.4
1004,6.2
1005,4.5
1006,7.6
1007,3.2
1008,4.1
1009,16.0
1010,6.2
1011,24.7
1012,7.9
1013,5.4
1014,17.3
1015,10.0
1016,14.6
1017,7.7
1018,7.5
1019,23.6
1020,14.8
1021,9.1
1022,4.8
1023,8.8
1024,4.1
1025,14.2
1026,7.7
1027,2.7
1028,10.3
1029,4.6
1030,1.7
1031,4.0
1032,11.0
1033,7.4
1034,8.0
1035,8.0
1036,0.9
1037,2.9
1038,13.5
1039,10.7
1040,8.0
1041,7.3
1042,3.7
1043,5.1
1044,5.6
1045,6.8
1046,5.6
1047,4.4
1048,5.4
1049,3.7
1050,9.9
1051,2.8
1052,7.0
1053,9.1
1054,5.8
1055,3.3
1056,4.9
1057,5.5
1058,12.8
1059,7.0
1060,8.9
1061,4.4
1062,6.8
1063,5.2
1064,2.1
1065,7.2
1066,4.8
1067,-4.6
1068,-1.6
1069,-0.1
1070,-1.8
1071,1.9
1072,2.1
1073,4.0
1074,1.1
1075,8.0
1076,4.7
1077,10.9
1078,4.1
1079,2.1
1080,7.6
1081,10.8
1082,26.3
1083,10.3
1084,7.4
1085,7.2
1086,5.5
1087,8.5
1088,1.7
1089,10.8
1090,7.2
1091,3.6
1092,4.0
1093,7.2
1094,7.3
1095,5.1
1096,11.5
1097,6.4
1098,11.1
1099,4.0
1100,7.2
1101,-3.0
1102,1.7
1103,8.4
1104,2.0
1105,7.6
1106,2.4
1107,5.0
1108,3.2
1109,3.3
1110,5.0
1111,3.1
1112,4.7
1113,1.7
1114,8.2
1115,7.2
1116,1.1
1117,2.9
1118,26.3
1119,-5.8
1120,6.8
1121,7.5
1122,4.6
1123,4.2
1124,3.6
1125,7.1
1126,2.5
1127,2.5
1128,27.1
1129,8.0
1130,26.3
1131,8.5
1132,29.5
1133,5.0
1134,12.2
1135,8.1
1136,5.6
1137,0.3
1138,4.2
1139,1.1
1140,69.8
1141,4.2
1142,6.0
1143,6.3
1144,1.1
1145,0.5
1146,1.7
1147,3.7
1148,7.1
1149,2.8
1150,4.0
1151,1.1
1152,0.9
1153,5.8
1154,7.2
1155,7.2
1156,5.2
1157,18.1
1158,3.7
1159,-0.3
1160,4.8
1161,8.5
1162,9.9
1163,6.2
1164,0.9
1165,0.9
1166,0.3
1167,4.5
1168,3.4
1169,6.0
1170,6.8
1171,0.9
1172,8.2
1173,5.6
1174,7.4
1175,3.7
1176,6.4
1177,2.9
1178,2.5
1179,-2.2
1180,7.9
1181,7.6
1182,2.9
1183,4.9
1184,6.1
1185,3.8
1186,11.4
1187,8.3
1188,24.4
1189,3.3
1190,9.0
1191,4.9
1192,10.1
1193,13.3
1194,9.1
1195,6.8
1196,2.8
1197,0.9
1198,4.4
1199,2.9
1200,1.7
1201,5.2
1202,5.3
1203,5.8
1204,8.1
1205,2.7
1206,5.9
1207,5.2
1208,6.3
1209,6.0
1210,8.3
1211,4.3
1212,-0.7
1213,2.7
1214,5.1
1215,6.7
1216,2.3
1217,2.5
1218,6.0
1219,11.1
1220,8.4
1221,11.9
1222,5.8
1223,2.7
1224,7.5
1225,7.8
1226,5.2
1227,11.2
1228,8.6
1229,9.6
1230,8.7
1231,11.3
1232,7.8
1233,4.4
1234,1.6
1235,9.0
1236,3.1
1237,6.5
1238,7.6
1239,6.8
1240,2.7
1241,7.4
1242,19.5
1243,6.7
1244,5.7
1245,3.4
1246,5.6
1247,8.4
1248,-4.6
1249,1.5
1250,3.1
1251,6.9
1252,7.0
1253,3.1
1254,3.0
1255,2.7
1256,4.1
1257,4.9
1258,11.0
1259,2.8
1260,5.2
1261,7.1
1262,4.6
1263,5.9
1264,3.3
1265,2.7
1266,6.4
1267,13.0
1268,7.6
1269,12.4
1270,8.9
1271,9.8
1272,11.1
1273,11.5
1274,5.4
1275,5.8
1276,11.4
1277,7.7
1278,7.9
1279,5.2
1280,9.5
1281,3.4
1282,10.0
1283,6.4
1284,8.4
1285,4.5
1286,8.8
1287,8.8
1288,1.7
1289,3.8
1290,5.5
1291,1.7
1292,47.3
1293,7.6
1294,11.7
1295,7.5
1296,4.0
1297,7.6
1298,5.2
1299,4.5
1300,13.4
1301,5.2
1302,3.9
1303,4.7
1304,9.9
1305,5.3
1306,10.2
1307,3.2
1308,3.2
1309,-1.4
1310,1.3
1311,1.3
1312,13.4
1313,10.9
1314,9.3
1315,6.4
1316,8.4
1317,8.8
1318,3.6
1319,12.7
1320,3.8
1321,7.9
1322,7.4
1323,7.1
1324,8.2
1325,6.0
1326,4.6
1327,6.4
1328,8.3
1329,11.1
1330,10.6
1331,6.7
1332,7.2
1333,5.9
1334,7.4
1335,6.4
1336,10.5
1337,52.2
1338,14.6
1339,3.1
1340,6.0
1341,12.5
1342,6.8
1343,10.7
1344,5.1
1345,0.9
1346,5.9
1347,15.2
1348,8.0
1349,7.1
1350,5.5
1351,5.5
1352,6.4
1353,16.9
1354,13.4
1355,10.8
1356,14.2
1357,3.6
1358,52.0
1359,6.7
1360,9.2
1361,5.6
1362,5.9
1363,3.9
1364,2.9
1365,11.1
1366,9.7
1367,11.4
1368,7.4
1369,4.2
1370,6.0
1371,4.4
1372,17.7
1373,8.0
1374,8.0
1375,4.8
1376,4.8
1377,10.2
1378,5.8
1379,4.0
1380,9.1
1381,7.6
1382,4.6
1383,3.3
1384,6.8
1385,9.9
1386,10.2
1387,6.1
1388,11.6
1389,9.6
1390,13.8
1391,8.9
1392,6.5
1393,6.8
1394,5.0
1395,10.3
1396,6.0
1397,7.5
1398,16.7
1399,9.3
1400,1.7
1401,5.7
1402,9.0
1403,4.5
1404,8.1
1405,13.7
1406,9.4
1407,6.2
1408,7.2
1409,6.0
1410,6.3
1411,3.9
1412,8.3
1413,4.9
1414,7.8
1415,9.8
1416,5.6
1417,8.7
1418,1.9
1419,8.8
1420,14.3
1421,6.5
1422,8.7
1423,4.4
1424,5.9
1425,6.3
1426,7.9
1427,11.5
1428,7.6
1429,6.5
1430,5.4
1431,8.8
1432,2.9
1433,6.2
1434,21.6
1435,6.2
1436,5.1
1437,5.4
1438,3.9
1439,6.9
1440,4.1
1441,7.5
1442,2.6
1443,2.7
1444,8.7
1445,5.9
1446,4.5
1447,4.0
1448,8.4
1449,4.3
1450,8.1
1451,7.2
1452,11.1
1453,3.2
1454,8.4
1455,4.5
1456,13.0
1457,4.1
1458,9.7
1459,1.5
1460,-5.8
1461,5.8
1462,19.6
1463,6.0
1464,5.9
1465,6.4
1466,5.1
1467,9.0
1468,6.7
1469,7.6
1470,6.1
1471,10.0
1472,12.4
1473,4.8
1474,4.4
1475,6.2
1476,5.2
1477,4.9
1478,11.8
1479,9.9
1480,5.3
1481,6.7
1482,4.6
1483,4.6
1484,4.6
1485,4.6
1486,3.5
1487,8.8
1488,8.7
1489,5.1
1490,4.1
1491,14.9
1492,42.6
1493,4.8
1494,8.2
1495,3.8
1496,4.6
1497,8.0
1498,2.2
1499,6.2
1500,18.8
1501,1.9
1502,3.5
1503,34.9
1504,3.4
1505,12.6
1506,2.5
1507,21.2
1508,2.2
1509,7.6
1510,5.8
1511,6.0
1512,7.2
1513,7.0
1514,13.1
1515,5.0
1516,10.0
1517,6.8
1518,4.3
1519,8.8
1520,49.7
1521,6.8
1522,7.6
1523,6.4
1524,-0.3
1525,5.4
1526,3.6
1527,3.4
1528,2.4
1529,7.4
1530,3.2
1531,4.0
1532,11.3
1533,7.2
1534,-4.2
1535,2.1
1536,6.0
1537,2.5
1538,6.4
1539,9.7
1540,9.3
1541,4.4
1542,7.1
1543,5.0
1544,6.9
1545,6.7
1546,9.1
1547,5.8
1548,5.7
1549,5.6
1550,6.4
1551,6.8
1552,8.0
1553,7.1
1554,7.1
1555,6.8
1556,4.1
1557,8.8
1558,4.8
1559,5.7
1560,3.0
1561,5.2
1562,7.3
1563,12.6
1564,7.6
1565,5.9
1566,4.1
1567,5.7
1568,2.1
1569,75.8
1570,4.9
1571,7.1
1572,7.9
1573,10.2
1574,12.6
1575,11.8
1576,7.2
1577,6.6
1578,7.8
1579,4.5
1580,1.2
1581,4.6
1582,8.5
1583,7.5
1584,4.7
1585,11.1
1586,7.4
1587,7.9
1588,11.0
1589,6.1
1590,5.1
1591,7.4
1592,7.0
1593,9.3
1594,14.3
1595,6.0
1596,10.3
1597,8.3
1598,7.6
1599,5.3
1600,8.1
1601,5.6
1602,2.5
1603,12.5
1604,7.3
1605,5.2
1606,10.0
1607,5.6
1608,6.5
1609,16.4
1610,2.9
1611,4.1
1612,11.7
1613,6.3
1614,1.3
1615,4.5
1616,6.3
1617,5.7
1618,11.2
1619,5.1
1620,8.5
1621,5.4
1622,12.2
1623,4.9
1624,9.8
1625,9.6
1626,6.5
1627,5.9
1628,8.7
1629,5.3
1630,10.7
1631,9.3
1632,4.9
1633,4.8
1634,4.1
1635,8.0
1636,6.9
1637,4.5
1638,7.0
1639,6.3
1640,8.9
1641,7.9
1642,5.2
1643,9.2
1644,5.2
1645,8.5
1646,5.6
1647,7.8
1648,4.7
1649,5.3
1650,5.6
1651,6.4
1652,6.3
1653,8.6
1654,4.2
1655,4.8
1656,8.9
1657,11.8
1658,9.2
1659,11.1
1660,8.1
1661,10.6
1662,9.3
1663,9.9
1664,11.1
1665,6.4
1666,1.7
1667,8.2
1668,9.4
1669,23.1
1670,5.8
1671,8.0
1672,7.0
1673,7.4
1674,7.2
1675,10.0
1676,11.5
1677,6.4
1678,11.3
1679,6.2
1680,10.3
1681,7.8
1682,11.0
1683,5.3
1684,14.6
1685,4.1
1686,10.0
1687,12.2
1688,7.9
1689,4.7
1690,10.8
1691,9.5
1692,9.4
1693,4.6
1694,9.0
1695,8.7
1696,6.7
1697,9.5
1698,8.7
1699,3.8
1700,7.3
1701,3.3
1702,5.1
1703,8.7
1704,6.6
1705,3.8
1706,5.3
1707,9.2
1708,7.1
1709,6.1
1710,9.1
1711,5.0
1712,4.2
1713,4.9
1714,8.5
1715,1.7
1716,6.9
1717,7.5
1718,3.4
1719,8.7
1720,4.2
1721,2.1
1722,6.7
1723,8.2
1724,7.5
1725,10.2
1726,7.4
1727,9.3
1728,8.6
1729,5.5
1730,8.6
1731,6.1
1732,5.2
1733,2.3
1734,7.9
1735,9.5
1736,6.8
1737,6.7
1738,6.3
1739,6.3
1740,10.1
1741,9.2
1742,8.0
1743,8.6
1744,9.3
1745,5.0
1746,6.9
1747,5.8
1748,12.0
1749,8.2
1750,7.6
1751,4.4
1752,19.3
1753,8.5
1754,9.0
1755,5.4
1756,4.3
1757,4.7
1758,4.4
1759,8.8
1760,5.3
1761,3.9
1762,2.5
1763,11.2
1764,6.5
1765,7.6
1766,7.1
1767,7.7
1768,7.7
1769,9.1
1770,6.9
1771,4.5
1772,5.6
1773,3.7
1774,5.3
1775,3.5
1776,6.6
1777,2.6
1778,3.2
1779,7.0
1780,7.3
1781,13.8
1782,8.8
1783,6.4
1784,10.8
1785,8.0
1786,4.9
1787,2.4
1788,8.1
1789,6.8
1790,8.0
1791,13.0
1792,6.6
1793,11.8
1794,12.2
1795,6.0
1796,9.5
1797,6.9
1798,12.4
1799,8.4
1800,10.6
1801,4.5
1802,4.9
1803,9.6
1804,8.6
1805,9.6
1806,3.2
1807,6.1
1808,10.1
1809,8.4
1810,7.5
1811,7.6
1812,3.5
1813,6.1
1814,6.1
1815,7.6
1816,4.5
1817,6.1
1818,6.2
1819,10.0
1820,5.8
1821,8.9
1822,6.6
1823,5.9
1824,3.2
1825,8.6
1826,9.5
1827,5.6
1828,11.0
1829,7.5
1830,3.6
1831,6.9
1832,4.9
1833,7.6
1834,6.4
1835,7.1
1836,8.8
1837,7.3
1838,8.2
1839,11.0
1840,4.4
1841,13.1
1842,8.1
1843,4.5
1844,7.1
1845,6.5
1846,6.2
1847,4.9
1848,10.0
1849,10.0
1850,7.7
1851,6.5
1852,7.6
1853,5.3
1854,6.4
1855,8.3
1856,11.3
1857,6.5
1858,7.5
1859,4.5
1860,6.4
1861,5.2
1862,8.0
1863,8.2
1864,6.8
1865,8.9
1866,7.2
1867,11.1
1868,8.1
1869,3.9
1870,4.9
1871,9.5
1872,9.0
1873,4.8
1874,2.3
1875,-2.6
1876,11.3
1877,9.1
1878,7.0
1879,4.1
1880,8.6
1881,4.8
1882,9.9
1883,8.0
1884,8.5
1885,5.8
1886,8.1
1887,3.6
1888,10.8
1889,9.5
1890,13.4
1891,10.3
1892,8.9
1893,9.2
1894,6.4
1895,6.7
1896,12.2
1897,13.2
1898,7.5
1899,5.8
1900,4.8
1901,10.5
1902,6.8
1903,4.8
1904,5.0
1905,9.0
1906,9.8
1907,4.5
1908,4.8
1909,4.8
1910,6.3
1911,6.5
1912,5.8
1913,8.8
1914,4.3
1915,4.8
1916,8.9
1917,7.7
1918,7.9
1919,9.5
1920,7.1
1921,11.9
1922,10.5
1923,9.7
1924,1.3
1925,3.4
1926,9.7
1927,7.1
1928,3.8
1929,8.4
1930,2.6
1931,4.9
1932,11.0
1933,4.4
1934,11.5
1935,11.5
1936,2.5
1937,3.8
1938,3.4
1939,10.3
1940,11.8
1941,8.0
1942,8.5
1943,6.9
1944,4.2
1945,5.0
1946,7.4
1947,4.6
1948,3.7
1949,3.8
1950,7.1
1951,3.4
1952,5.2
1953,2.3
1954,5.2
1955,8.5
1956,8.0
1957,9.0
1958,7.1
1959,8.7
1960,4.2
1961,3.6
1962,7.9
1963,5.0
1964,10.3
1965,7.9
1966,13.6
1967,9.1
1968,6.2
1969,5.8
1970,7.0
1971,29.0
1972,4.4
1973,9.0
1974,2.4
1975,15.8
1976,8.7
1977,7.6
1978,7.3
1979,8.7
1980,5.3
1981,8.4
1982,6.6
1983,7.8
1984,9.1
1985,8.4
1986,5.3
1987,7.4
1988,4.8
1989,7.8
1990,12.3
1991,5.1
1992,9.6
1993,17.7
1994,8.5
1995,3.6
1996,6.6
1997,7.1
1998,4.5
1999,8.1
2000,12.7
2001,5.1
2002,3.8
2003,7.4
2004,2.2
2005,7.5
2006,5.3
2007,11.9
2008,5.9
2009,7.4
2010,7.8
2011,11.7
2012,9.7
2013,9.6
2014,7.7
2015,3.5
2016,5.2
2017,6.8
2018,8.4
2019,9.7
2020,5.6
2021,7.5
2022,11.9
2023,6.5
2024,8.2
2025,9.4
2026,11.2
2027,9.7
2028,6.0
2029,6.9
2030,1.5
2031,7.2
2032,7.7
2033,6.6
2034,5.2
2035,11.3
2036,8.1
2037,9.1
2038,6.2
2039,8.8
2040,8.1
2041,3.1
2042,9.4
2043,6.0
2044,5.3
2045,6.3
2046,5.4
2047,2.1
2048,5.5
2049,4.5
2050,6.7
2051,4.9
2052,10.0
2053,5.7
2054,7.8
2055,11.1
2056,10.2
2057,6.6
2058,1.7
2059,9.8
2060,6.8
2061,4.8
2062,-2.2
2063,14.0
2064,8.0
2065,7.6
2066,7.8
2067,6.7
2068,8.2
2069,11.0
2070,4.3
2071,-3.8
2072,6.3
2073,6.3
2074,6.2
2075,6.7
2076,6.5
2077,2.1
2078,7.5
2079,5.3
2080,5.0
2081,4.5
2082,5.4
2083,1.9
2084,7.6
2085,4.5
2086,7.4
2087,7.4
2088,5.9
2089,6.3
2090,8.9
2091,6.9
2092,9.1
2093,2.9
2094,2.9
2095,2.9
2096,14.6
2097,8.0
2098,5.3
2099,5.8
2100,4.8
2101,5.5
2102,3.4
2103,7.6
2104,5.6
2105,9.6
2106,5.0
2107,10.0
2108,10.0
2109,4.8
2110,2.9
2111,13.3
2112,9.3
2113,5.4
2114,7.3
2115,7.6
2116,5.0
2117,3.6
2118,8.2
2119,9.2
2120,3.4
2121,5.1
2122,11.1
2123,10.0
2124,5.6
2125,7.6
2126,10.0
2127,4.9
2128,9.3
2129,2.6
2130,7.2
2131,7.8
2132,6.1
2133,12.1
2134,7.3
2135,5.3
2136,8.7
2137,2.9
2138,4.9
2139,6.3
2140,5.1
2141,2.1
2142,6.3
2143,6.6
2144,7.2
2145,4.9
2146,9.9
2147,3.2
2148,1.8
2149,3.5
2150,1.7
2151,7.3
2152,5.8
2153,6.1
2154,4.7
2155,1.7
2156,5.6
2157,6.4
2158,5.7
2159,3.7
2160,5.6
2161,7.5
2162,5.5
2163,10.7
2164,9.0
2165,3.0
2166,5.7
2167,5.4
2168,4.1
2169,8.0
2170,5.4
2171,3.6
2172,8.0
2173,8.4
2174,5.2
2175,9.5
2176,7.6
2177,6.8
2178,3.2
2179,4.5
2180,6.8
2181,7.9
2182,5.8
2183,4.8
2184,5.7
2185,4.4
2186,6.0
2187,12.5
2188,7.0
2189,7.6
2190,5.2
2191,8.0
2192,6.8
2193,3.7
2194,11.3
2195,1.7
2196,34.9
2197,9.9
2198,6.2
2199,4.3
2200,7.0
2201,8.4
2202,6.1
2203,14.6
2204,5.0
2205,3.2
2206,45.0
2207,15.8
2208,3.2
2209,71.5
2210,8.4
2211,5.9
2212,5.2
2213,8.8
2214,4.1
2215,6.0
2216,6.3
2217,7.6
2218,6.1
2219,5.3
2220,7.2
2221,7.7
2222,9.1
2223,11.9
2224,9.5
2225,3.1
2226,8.8
2227,6.8
2228,3.2
2229,11.3
2230,5.2
2231,4.4
2232,4.5
2233,4.9
2234,10.1
2235,6.4
2236,9.0
2237,3.7
2238,4.9
2239,5.8
2240,4.3
2241,5.2
2242,6.8
2243,5.4
2244,2.6
2245,9.1
2246,3.1
2247,7.3
2248,9.5
2249,10.6
2250,4.8
2251,-8.1
2252,12.1
2253,9.1
2254,8.2
2255,7.9
2256,2.5
2257,6.3
2258,8.7
2259,8.0
2260,9.8
2261,1.6
2262,5.5
2263,10.1
2264,11.2
2265,5.4
2266,6.1
2267,6.9
2268,0.5
2269,2.3
2270,7.3
2271,7.6
2272,7.1
2273,-3.4
2274,14.4
2275,11.2
2276,11.6
2277,9.6
2278,18.2
2279,12.3
2280,6.9
2281,12.6
2282,6.1
2283,10.6
2284,8.7
2285,16.6
2286,5.2
2287,6.8
2288,7.3
2289,4.9
2290,6.3
2291,9.5
2292,13.4
2293,9.6
2294,7.4
2295,7.3
2296,4.7
2297,9.5
2298,7.9
2299,9.1
2300,11.1
2301,5.5
2302,7.6
2303,6.5
2304,13.6
2305,12.0
2306,4.4
2307,3.2
2308,7.0
2309,9.9
2310,5.6
2311,5.0
2312,10.3
2313,2.2
2314,6.8
2315,11.1
2316,11.2
2317,14.6
2318,11.5
2319,5.3
2320,4.3
2321,6.1
2322,7.2
2323,7.4
2324,9.4
2325,4.1
2326,9.7
2327,8.4
2328,9.5
2329,2.9
2330,6.6
2331,10.3
2332,12.6
2333,6.7
2334,10.4
2335,12.0
2336,14.5
2337,9.7
2338,7.6
2339,10.3
2340,5.5
2341,7.6
2342,13.4
2343,28.1
2344,6.8
2345,8.0
2346,2.5
2347,14.7
2348,8.7
2349,8.0
2350,7.9
2351,4.9
2352,9.7
2353,4.0
2354,8.8
2355,8.4
2356,2.7
2357,3.6
2358,9.4
2359,5.9
2360,5.7
2361,10.7
2362,6.7
2363,4.8
2364,7.8
2365,6.8
2366,2.3
2367,10.7
2368,8.4
2369,9.3
2370,8.1
2371,12.1
2372,8.6
2373,5.5
2374,5.8
2375,9.3
2376,8.3
2377,6.2
2378,8.0
2379,8.3
2380,10.7
2381,4.5
2382,8.7
2383,6.6
2384,8.5
2385,6.2
2386,9.1
2387,9.4
2388,8.0
2389,9.2
2390,9.1
2391,3.8
2392,7.6
2393,3.2
2394,4.4
2395,4.9
2396,5.6
2397,5.6
2398,4.5
2399,10.5
2400,6.0
2401,6.1
2402,8.4
2403,13.9
2404,7.1
2405,4.7
2406,3.8
2407,7.7
2408,7.5
2409,9.2
2410,7.2
2411,5.3
2412,6.3
2413,5.2
2414,10.5
2415,6.2
2416,7.8
2417,4.4
2418,13.7
2419,4.0
2420,8.2
2421,5.3
2422,9.4
2423,6.5
2424,4.3
2425,10.3
2426,7.1
2427,4.7
2428,6.4
2429,6.3
2430,7.0
2431,3.8
2432,13.7
2433,5.0
2434,10.3
2435,5.4
2436,4.5
2437,9.1
2438,9.1
2439,10.3
2440,11.8
2441,7.2
2442,6.8
2443,9.8
2444,16.4
2445,3.1
2446,6.1
2447,5.5
2448,17.0
2449,5.3
2450,7.0
2451,10.3
2452,10.1
2453,4.0
2454,5.8
2455,8.2
2456,3.5
2457,6.9
2458,6.6
2459,7.2
2460,5.6
2461,5.5
2462,6.4
2463,8.7
2464,3.6
2465,4.2
2466,6.4
2467,7.0
2468,10.1
2469,4.8
2470,7.6
2471,9.3
2472,12.3
2473,7.6
2474,5.3
2475,6.9
2476,8.0
2477,7.6
2478,9.2
2479,6.3
2480,7.6
2481,7.5
2482,10.7
2483,17.4
2484,5.9
2485,6.6
2486,14.8
2487,6.1
2488,5.4
2489,6.5
2490,9.6
2491,6.1
2492,13.9
2493,10.7
2494,4.8
2495,2.8
2496,10.1
2497,8.5
2498,10.3
2499,4.7
2500,9.9
2501,11.5
2502,7.0
2503,6.8
2504,3.9
2505,7.0
2506,2.7
2507,14.3
2508,3.7
2509,7.1
2510,7.1
2511,6.2
2512,6.8
2513,5.1
2514,9.1
2515,5.9
2516,4.0
2517,7.5
2518,9.5
2519,5.5
2520,9.0
2521,5.8
2522,16.1
2523,9.0
2524,4.9
2525,10.3
2526,8.1
2527,4.8
2528,3.9
2529,5.1
2530,6.7
2531,4.3
2532,6.8
2533,5.5
2534,6.0
2535,6.9
2536,4.8
2537,5.6
2538,7.4
2539,1.5
2540,5.4
2541,14.3
2542,4.3
2543,8.3
2544,5.0
2545,13.2
2546,6.0
2547,11.6
2548,12.8
2549,1.7
2550,7.1
2551,5.9
2552,6.3
2553,6.7
2554,7.4
2555,7.4
2556,10.4
2557,9.2
2558,6.8
2559,11.9
2560,14.7
2561,8.0
2562,6.2
2563,6.0
2564,8.4
2565,7.4
2566,8.8
2567,15.4
2568,6.1
2569,4.4
2570,-3.4
2571,10.3
2572,20.9
2573,5.9
2574,8.0
2575,4.3
2576,6.2
2577,5.4
2578,2.6
2579,3.8
2580,7.3
2581,4.0
2582,8.3
2583,5.4
2584,9.1
2585,12.8
2586,7.6
2587,10.5
2588,9.2
2589,6.9
2590,10.3
2591,5.1
2592,10.5
2593,8.9
2594,4.8
2595,7.5
2596,6.4
2597,5.5
2598,6.3
2599,4.1
2600,5.4
2601,12.3
2602,4.0
2603,4.5
2604,11.1
2605,4.0
2606,7.6
2607,4.8
2608,4.4
2609,5.9
2610,15.4
2611,6.4
2612,7.4
2613,9.2
2614,7.0
2615,9.5
2616,6.3
2617,8.7
2618,7.2
2619,14.6
2620,10.6
2621,7.5
2622,8.2
2623,5.8
2624,6.9
2625,8.2
2626,22.0
2627,6.7
2628,18.1
2629,5.2
2630,12.0
2631,6.0
2632,7.5
2633,7.9
2634,3.8
2635,4.0
2636,8.7
2637,3.2
2638,5.0
2639,10.1
2640,7.2
2641,4.6
2642,4.6
2643,7.8
2644,5.1
2645,5.8
2646,7.0
2647,7.8
2648,5.8
2649,11.0
2650,4.1
2651,6.3
2652,5.6
2653,3.4
2654,7.9
2655,5.4
2656,4.2
2657,7.4
2658,12.0
2659,9.2
2660,6.8
2661,7.3
2662,6.0
2663,6.0
2664,15.0
2665,15.0
2666,15.0
2667,13.7
2668,8.0
2669,6.0
2670,3.8
2671,11.5
2672,9.6
2673,5.9
2674,4.5
2675,9.3
2676,4.9
2677,9.8
2678,4.0
2679,6.3
2680,3.9
2681,5.3
2682,3.6
2683,11.6
2684,3.9
2685,6.6
2686,21.9
2687,7.4
2688,16.8
2689,4.2
2690,4.3
2691,10.0
2692,8.9
2693,9.3
2694,9.2
2695,4.3
2696,7.6
2697,7.4
2698,5.1
2699,5.4
2700,7.0
2701,9.2
2702,6.8
2703,5.8
2704,6.0
2705,8.0
2706,9.5
2707,11.7
2708,8.6
2709,9.3
2710,7.1
2711,5.8
2712,15.4
2713,3.2
2714,7.8
2715,5.8
2716,7.2
2717,7.6
2718,7.6
2719,8.6
2720,7.4
2721,3.8
2722,6.6
2723,5.0
2724,4.3
2725,6.0
2726,10.4
2727,6.6
2728,5.4
2729,6.5
2730,6.2
2731,10.4
2732,8.2
2733,3.8
2734,7.1
2735,20.5
2736,9.7
2737,5.4
2738,10.5
2739,5.8
2740,11.0
2741,6.4
2742,7.0
2743,9.8
2744,7.9
2745,3.5
2746,9.1
2747,10.4
2748,7.1
2749,2.7
2750,6.8
2751,13.9
2752,7.4
2753,8.7
2754,5.1
2755,9.4
2756,9.2
2757,6.6
2758,6.4
2759,7.5
2760,7.8
2761,4.1
2762,7.2
2763,10.3
2764,6.5
2765,4.2
2766,8.0
2767,6.1
2768,5.6
2769,6.6
2770,4.0
2771,11.4
2772,10.1
2773,12.9
2774,5.1
2775,10.6
2776,7.2
2777,7.1
2778,11.6
2779,7.3
2780,4.4
2781,6.1
2782,11.4
2783,13.9
2784,5.6
2785,7.9
2786,10.8
2787,6.0
2788,6.3
2789,5.0
2790,6.7
2791,10.3
2792,4.0
2793,3.9
2794,10.9
2795,12.6
2796,13.7
2797,9.4
2798,2.4
2799,13.9
2800,9.4
2801,11.0
2802,8.9
2803,9.5
2804,9.3
2805,9.2
2806,4.5
2807,6.9
2808,9.8
2809,8.3
2810,6.4
2811,4.5
2812,5.8
2813,8.4
2814,15.3
2815,4.2
2816,7.9
2817,14.2
2818,12.0
2819,11.4
2820,5.6
2821,4.7
2822,7.5
2823,12.3
2824,13.2
2825,11.8
2826,9.8
2827,5.3
2828,8.4
2829,8.0
2830,5.6
2831,8.4
2832,13.2
2833,8.1
2834,8.1
2835,7.4
2836,7.0
2837,6.5
2838,6.9
2839,7.6
2840,7.5
2841,6.1
2842,7.6
2843,5.5
2844,5.7
2845,11.3
2846,11.2
2847,4.0
2848,6.9
2849,9.4
2850,8.1
2851,2.8
2852,8.4
2853,9.8
2854,14.3
2855,4.8
2856,7.3
2857,6.2
2858,11.8
2859,6.4
2860,12.1
2861,13.9
2862,9.6
2863,10.4
2864,6.7
2865,9.3
2866,9.9
2867,9.4
2868,12.7
2869,3.8
2870,8.9
2871,10.2
2872,5.1
2873,16.2
2874,14.2
2875,6.1
2876,14.8
2877,5.9
2878,7.5
2879,13.1
2880,12.3
2881,6.1
2882,6.2
2883,4.6
2884,19.7
2885,7.4
2886,7.4
2887,20.0
2888,7.2
2889,8.5
2890,9.1
2891,13.1
2892,4.6
2893,7.4
2894,7.5
2895,10.8
2896,8.7
2897,5.4
2898,8.3
2899,8.2
2900,11.0
2901,6.0
2902,9.2
2903,7.9
2904,11.0
2905,6.1
2906,10.5
2907,11.8
2908,5.6
2909,6.1
2910,11.1
2911,8.4
2912,11.1
2913,9.6
2914,8.3
2915,15.4
2916,5.9
2917,9.0
2918,10.5
2919,10.6
2920,13.4
2921,8.8
2922,3.5
2923,13.1
2924,10.9
2925,7.8
2926,6.8
2927,9.2
2928,6.3
2929,6.9
2930,9.0
2931,1.3
2932,4.9
2933,6.5
2934,17.5
2935,5.8
2936,7.5
2937,18.3
2938,4.5
2939,7.6
2940,8.2
2941,9.1
2942,5.7
2943,8.6
2944,7.0
2945,7.1
2946,10.5
2947,9.2
2948,9.6
2949,4.0
2950,8.8
2951,4.8
2952,14.9
2953,5.1
2954,7.1
2955,10.6
2956,11.0
2957,6.2
2958,5.9
2959,5.0
2960,17.4
2961,4.9
2962,2.1
2963,10.1
2964,11.1
2965,5.8
2966,12.6
2967,7.9
2968,7.8
2969,13.1
2970,8.9
2971,5.8
2972,7.9
2973,13.5
2974,7.7
2975,3.4
2976,2.2
2977,4.9
2978,4.3
2979,7.6
2980,9.9
2981,9.5
2982,9.8
2983,12.0
2984,11.0
2985,4.4
2986,4.8
2987,4.0
2988,7.6
2989,8.7
2990,6.6
2991,5.1
2992,11.5
2993,7.1
2994,4.2
2995,13.1
2996,5.9
2997,7.7
2998,9.9
2999,5.9
3000,3.0
3001,11.3
3002,4.2
3003,9.2
3004,6.7
3005,8.7
3006,3.4
3007,10.9
3008,5.6
3009,10.7
3010,9.5
3011,3.8
3012,11.4
3013,7.3
3014,13.3
3015,8.3
3016,7.3
3017,3.0
3018,13.4
3019,6.7
3020,8.8
3021,10.1
3022,1.7
3023,7.4
3024,4.5
3025,7.5
3026,8.8
3027,5.5
3028,8.2
3029,6.2
3030,11.7
3031,12.7
3032,10.1
3033,4.9
3034,8.6
3035,9.5
3036,7.8
3037,6.0
3038,7.4
3039,4.7
3040,10.8
3041,9.2
3042,7.4
3043,3.9
3044,11.2
3045,7.4
3046,6.9
3047,5.4
3048,5.5
3049,6.0
3050,12.3
3051,6.4
3052,5.8
3053,7.3
3054,9.5
3055,5.5
3056,7.6
3057,5.5
3058,7.2
3059,7.5
3060,6.1
3061,10.1
3062,6.2
3063,7.6
3064,9.2
3065,4.1
3066,3.2
3067,1.7
3068,7.2
3069,8.4
3070,9.0
3071,8.1
3072,5.0
3073,9.5
3074,13.3
3075,12.7
3076,6.7
3077,3.4
3078,8.5
3079,7.1
3080,8.6
3081,6.4
3082,8.8
3083,9.2
3084,6.3
3085,9.1
3086,14.0
3087,5.2
3088,5.2
3089,5.5
3090,6.2
3091,3.1
3092,6.8
3093,12.7
3094,12.5
3095,7.3
3096,10.3
3097,7.8
3098,11.5
3099,7.3
3100,7.4
3101,9.9
3102,9.2
3103,7.5
3104,7.2
3105,5.3
3106,3.4
3107,7.7
3108,6.1
3109,8.2
3110,8.1
3111,7.8
3112,7.4
3113,6.1
3114,11.4
3115,9.9
3116,13.0
3117,5.6
3118,7.4
3119,5.5
3120,11.2
3121,15.0
3122,6.4
3123,4.1
3124,7.4
3125,6.5
3126,4.3
3127,5.4
3128,11.8
3129,7.7
3130,10.4
3131,9.9
3132,5.2
3133,8.8
3134,8.6
3135,5.1
3136,5.9
3137,7.2
3138,14.3
3139,6.7
3140,7.9
3141,7.9
3142,5.5
3143,1.3
3144,5.1
3145,2.4
3146,2.4
3147,10.0
3148,5.8
3149,5.1
3150,12.8
3151,10.5
3152,6.3
3153,4.4
3154,6.6
3155,7.2
3156,11.1
3157,8.9
3158,7.8
3159,7.2
3160,3.6
3161,6.3
3162,6.4
3163,6.1
3164,7.3
3165,6.5
3166,6.5
3167,10.1
3168,10.0
3169,11.1
3170,7.3
3171,10.7
3172,11.0
3173,5.6
3174,6.3
3175,7.1
3176,6.0
3177,21.3
3178,7.6
3179,9.3
3180,6.2
3181,3.7
3182,11.3
3183,9.8
3184,8.6
3185,8.5
3186,5.9
3187,9.0
3188,4.4
3189,7.4
3190,17.4
3191,6.3
3192,8.6
3193,9.3
3194,7.3
3195,4.2
3196,7.3
3197,3.1
3198,10.6
3199,3.6
3200,3.7
3201,8.5
3202,6.5
3203,8.4
3204,8.5
3205,17.3
3206,3.1
3207,5.9
3208,8.4
3209,5.2
3210,8.6
3211,5.6
3212,9.9
3213,7.0
3214,5.8
3215,4.1
3216,11.7
3217,6.5
3218,9.2
3219,7.4
3220,9.9
3221,8.7
3222,5.8
3223,17.6
3224,6.9
3225,3.7
3226,6.9
3227,4.6
3228,6.8
3229,12.3
3230,9.6
3231,8.3
3232,5.4
3233,10.4
3234,5.7
3235,6.6
3236,6.8
3237,13.9
3238,13.0
3239,8.4
3240,6.9
3241,6.0
3242,6.4
3243,5.2
3244,6.2
3245,6.6
3246,7.6
3247,7.2
3248,4.0
3249,10.6
3250,7.6
3251,25.3
3252,9.5
3253,14.7
3254,7.2
3255,6.1
3256,7.5
3257,5.7
3258,3.8
3259,3.2
3260,5.2
3261,9.6
3262,7.6
3263,8.0
3264,9.0
3265,6.2
3266,3.0
3267,4.0
3268,7.6
3269,4.3
3270,9.8
3271,12.7
3272,8.6
3273,7.9
3274,9.4
3275,6.8
3276,4.6
3277,7.6
3278,11.3
3279,5.4
3280,8.6
3281,10.5
3282,9.4
3283,9.7
3284,17.0
3285,8.1
3286,12.3
3287,8.3
3288,12.2
3289,12.6
3290,4.0
3291,5.6
3292,8.2
3293,11.3
3294,6.5
3295,10.4
3296,7.3
3297,13.1
3298,6.8
3299,5.5
3300,5.0
3301,10.7
3302,8.2
3303,7.6
3304,3.7
3305,8.7
3306,7.2
3307,4.4
3308,6.3
3309,9.8
3310,15.1
3311,7.9
3312,7.0
3313,6.3
3314,9.6
3315,5.3
3316,5.2
3317,7.2
3318,5.0
3319,3.5
3320,11.0
3321,8.6
3322,9.3
3323,5.8
3324,6.4
3325,4.7
3326,7.4
3327,6.4
3328,14.3
3329,4.0
3330,9.9
3331,4.0
3332,8.3
3333,9.0
3334,8.7
3335,7.0
3336,9.1
3337,6.9
3338,4.8
3339,9.7
3340,7.9
3341,4.6
3342,4.5
3343,4.4
3344,6.0
3345,10.9
3346,7.0
3347,8.5
3348,6.9
3349,8.2
3350,6.6
3351,10.0
3352,2.9
3353,12.5
3354,7.6
3355,7.9
3356,10.3
3357,5.2
3358,6.4
3359,3.1
3360,9.0
3361,7.1
3362,9.3
3363,4.4
3364,6.0
3365,9.2
3366,11.4
3367,10.7
3368,6.5
3369,7.5
3370,9.2
3371,11.4
3372,12.1
3373,9.9
3374,9.4
3375,3.0
3376,11.3
3377,8.5
3378,4.3
3379,3.6
3380,5.4
3381,1.5
3382,5.0
3383,9.9
3384,3.1
3385,6.1
3386,11.5
3387,16.6
3388,3.1
3389,5.2
3390,10.3
3391,7.3
3392,8.7
3393,13.6
3394,12.1
3395,6.1
3396,4.6
3397,8.0
3398,15.6
3399,3.3
3400,8.7
3401,6.3
3402,9.8
3403,10.0
3404,8.4
3405,9.2
3406,4.4
3407,7.4
3408,7.7
3409,4.9
3410,7.9
3411,5.0
3412,3.6
3413,13.0
3414,17.7
3415,4.7
3416,10.6
3417,7.8
3418,14.0
3419,11.8
3420,7.3
3421,5.6
3422,15.1
3423,4.3
3424,7.1
3425,8.8
3426,7.9
3427,6.4
3428,4.7
3429,6.6
3430,6.8
3431,11.1
3432,8.8
3433,10.4
3434,4.8
3435,16.1
3436,4.5
3437,4.9
3438,6.1
3439,4.2
3440,9.9
3441,6.9
3442,5.2
3443,8.6
3444,4.3
3445,10.2
3446,10.0
3447,7.6
3448,7.8
3449,6.0
3450,8.1
3451,4.5
3452,7.4
3453,7.4
3454,7.7
3455,8.6
3456,4.7
3457,9.5
3458,16.6
3459,6.9
3460,6.0
3461,4.7
3462,9.6
3463,4.4
3464,6.7
3465,4.1
3466,13.8
3467,4.7
3468,7.9
3469,8.9
3470,7.0
3471,8.7
3472,7.5
3473,7.3
3474,3.8
3475,8.8
3476,14.2
3477,2.8
3478,6.4
3479,6.3
3480,9.1
3481,6.1
3482,5.5
3483,6.8
3484,42.2
3485,10.0
3486,6.3
3487,3.6
3488,5.9
3489,8.4
3490,9.7
3491,11.6
3492,14.9
3493,8.7
3494,9.3
3495,7.1
3496,12.7
3497,15.8
3498,7.6
3499,10.2
3500,9.4
3501,5.8
3502,7.8
3503,3.5
3504,6.6
3505,1.1
3506,13.0
3507,10.3
3508,26.3
3509,7.5
3510,10.5
3511,4.4
3512,4.6
3513,6.2
3514,11.5
3515,11.0
3516,5.0
3517,8.3
3518,14.0
3519,10.7
3520,5.2
3521,3.6
3522,6.1
3523,6.6
3524,5.8
3525,7.4
3526,8.7
3527,16.6
3528,6.1
3529,8.3
3530,10.3
3531,7.7
3532,8.5
3533,8.1
3534,9.9
3535,8.6
3536,10.4
3537,4.4
3538,13.5
3539,8.3
3540,9.2
3541,6.1
3542,6.0
3543,7.1
3544,11.6
3545,8.2
3546,16.1
3547,6.0
3548,10.3
3549,5.6
3550,11.4
3551,6.1
3552,9.7
3553,44.9
3554,5.4
3555,6.0
3556,9.2
3557,7.6
3558,8.4
3559,8.2
3560,13.3
3561,4.4
3562,7.8
3563,7.3
3564,7.0
3565,8.8
3566,12.1
3567,12.8
3568,6.9
3569,15.4
3570,6.0
3571,3.7
3572,9.8
3573,1.9
3574,8.9
3575,7.8
3576,21.6
3577,14.8
3578,5.8
3579,5.7
3580,5.1
3581,5.6
3582,8.6
3583,12.7
3584,3.9
3585,9.6
3586,2.7
3587,9.0
3588,7.7
3589,13.1
3590,10.9
3591,15.6
3592,4.4
3593,4.3
3594,9.7
3595,6.9
3596,19.8
3597,5.6
3598,4.0
3599,7.8
3600,13.8
3601,6.0
3602,7.8
3603,10.8
3604,6.3
3605,2.5
3606,12.0
3607,9.7
3608,6.7
3609,7.8
3610,-0.9
3611,4.4
3612,8.6
3613,7.1
3614,11.1
3615,1.3
3616,10.0
3617,6.7
3618,7.2
3619,6.2
3620,16.6
3621,4.4
3622,8.5
3623,6.7
3624,9.6
3625,7.5
3626,7.7
3627,8.0
3628,10.7
3629,3.6
3630,7.8
3631,8.5
3632,7.4
3633,9.8
3634,4.5
3635,7.2
3636,7.0
3637,5.0
3638,8.7
3639,6.2
3640,10.5
3641,7.5
3642,9.6
3643,7.1
3644,5.7
3645,13.5
3646,2.4
3647,34.0
3648,7.4
3649,8.0
3650,9.0
3651,6.9
3652,6.3
3653,7.1
3654,7.1
3655,9.7
3656,15.0
3657,7.6
3658,6.4
3659,7.4
3660,7.4
3661,9.4
3662,12.7
3663,7.6
3664,11.3
3665,10.1
3666,6.8
3667,6.1
3668,7.3
3669,7.6
3670,6.3
3671,9.7
3672,8.2
3673,7.8
3674,9.2
3675,8.8
3676,6.2
3677,8.9
3678,11.9
3679,7.7
3680,5.6
3681,26.9
3682,17.1
3683,6.7
3684,6.6
3685,5.6
3686,9.9
3687,10.9
3688,6.2
3689,4.1
3690,5.9
3691,15.8
3692,4.5
3693,6.3
3694,4.9
3695,9.9
3696,4.8
3697,4.5
3698,9.1
3699,6.6
3700,4.5
3701,4.5
3702,4.5
3703,7.2
3704,7.1
3705,10.0
3706,3.1
3707,-3.4
3708,6.8
3709,7.0
3710,5.5
3711,9.2
3712,4.2
3713,9.5
3714,5.2
3715,2.4
3716,10.5
3717,10.0
3718,8.7
3719,28.8
3720,6.2
3721,14.4
3722,11.1
3723,9.9
3724,8.0
3725,7.1
3726,13.0
3727,10.0
3728,11.1
3729,9.2
3730,8.5
3731,7.6
3732,12.0
3733,6.1
3734,9.8
3735,8.7
3736,6.3
3737,4.6
3738,7.0
3739,4.8
3740,11.1
3741,6.8
3742,9.5
3743,6.6
3744,8.6
3745,10.7
3746,6.9
3747,8.9
3748,11.8
3749,3.6
3750,7.1
3751,5.0
3752,13.5
3753,5.8
3754,9.7
3755,8.5
3756,10.1
3757,4.8
3758,9.0
3759,12.0
3760,9.2
3761,2.9
3762,7.7
3763,6.8
3764,6.6
3765,10.3
3766,13.3
3767,9.2
3768,6.9
3769,3.1
3770,5.2
3771,12.2
3772,9.9
3773,9.5
3774,11.6
3775,9.1
